amino_acid,codon_position,codon
F,1,TTC
L,1,CTG
I,1,ATC
M,1,ATG
V,1,GTG
S,1,AGC
P,1,CCC
T,1,ACC
A,1,GCC
Y,1,TAC
*,1,TGA
H,1,CAC
Q,1,CAG
N,1,AAC
K,1,AAG
D,1,GAC
E,1,GAG
C,1,TGC
W,1,TGG
R,1,CGG
G,1,GGC
F,2,TTT
L,2,CTC
I,2,ATT
M,2,
V,2,GTC
S,2,TCC
P,2,CCT
T,2,ACA
A,2,GCT
Y,2,TAT
*,2,TAA
H,2,CAT
Q,2,CAA
N,2,AAT
K,2,AAA
D,2,GAT
E,2,GAA
C,2,TGT
W,2,
R,2,AGA
G,2,GGG
F,3,
L,3,CTT
I,3,ATA
M,3,
V,3,GTT
S,3,TCT
P,3,CCA
T,3,ACT
A,3,GCA
Y,3,
*,3,TAG
H,3,
Q,3,
N,3,
K,3,
D,3,
E,3,
C,3,
W,3,
R,3,AGG
G,3,GGA
F,4,
L,4,TTG
I,4,
M,4,
V,4,GTA
S,4,AGT
P,4,CCG
T,4,ACG
A,4,GCG
Y,4,
*,4,
H,4,
Q,4,
N,4,
K,4,
D,4,
E,4,
C,4,
W,4,
R,4,CGC
G,4,GGT
F,5,
L,5,TTA
I,5,
M,5,
V,5,
S,5,TCA
P,5,
T,5,
A,5,
Y,5,
*,5,
H,5,
Q,5,
N,5,
K,5,
D,5,
E,5,
C,5,
W,5,
R,5,CGA
G,5,
F,6,
L,6,CTA
I,6,
M,6,
V,6,
S,6,TCG
P,6,
T,6,
A,6,
Y,6,
*,6,
H,6,
Q,6,
N,6,
K,6,
D,6,
E,6,
C,6,
W,6,
R,6,CGT
G,6,
